언어명,관광지명,구분,위도 (Latitude),경도 (Longitude)
중간체,青瓦台(청와대),건축/조형물,37.5869,126.9748
중간체,景福宫 경복궁,역사관광지,37.5798,126.9768
중간체,北村韩屋村(북촌한옥마을),역사관광지,37.5831,126.9837
중간체,南山首尔塔(남산서울타워),건축/조형물,37.5511,126.9882
중간체,梨泰院观光特区(이태원 관광특구),휴양관광지,37.5345,126.9945
중간체,仁寺洞(인사동),산업관광지,37.5728,126.9845
중간체,昌德宫和后苑[联合国教科文组织世界文化遗产]창덕궁과 후원 [유네스코 세계문화유산],역사관광지,37.5794,126.9919
중간체,乐天世界塔SEOUL SKY롯데월드타워 서울스카이,건축/조형물,37.5125,127.1026
중간체,首尔林(서울숲),자연관광지,37.5436,127.0447
중간체,汝矣岛汉江公园여의도한강공원,휴양관광지,37.5277,126.9351
중간체,奉恩寺(首尔)봉은사(서울),역사관광지,37.5145,127.058
중간체,德寿宫(덕수궁),역사관광지,37.5663,126.9751
중간체,乐天世界(롯데월드),휴양관광지,37.5111,127.0982
중간체,南山谷韩屋村(남산골한옥마을),역사관광지,37.5592,126.9938
중간체,国技院(世界跆拳道本部)국기원(세계태권도본부),문화시설,37.502,127.0298
중간체,HiKR Ground(好客空间) 하이커 그라운드,문화시설,37.568,126.9845
중간체,盘浦大桥月光彩虹喷泉반포대교 달빛무지개분수,건축/조형물,37.515,126.9947
중간체,光化门광화문,역사관광지,37.576,126.9768
중간체,汉江（한강）,자연관광지,37.5277,126.9351
중간체,新沙洞林荫路(신사동 가로수길),체험관광지,37.521,127.0227
중간체,清溪川(청계천),휴양관광지,37.5692,126.9789
중간체,弘大(홍대),산업관광지,37.5553,126.9238
중간체,仁王山(인왕산),자연관광지,37.5835,126.9602
중간체,世宗大王铜像(세종대왕 동상),건축/조형물,37.5727,126.9769
중간체,昌庆宫(창경궁),역사관광지,37.5789,126.9953
중간체,乐天世界水族馆(롯데월드 아쿠아리움),휴양관광지,37.5132,127.1002
중간체,清溪山(청계산),자연관광지,37.4429,127.0601
중간체,战争纪念馆(전쟁기념관),문화시설,37.53716,126.97712
중간체,光化门广场(광화문광장),휴양관광지,37.573,126.9766
중간체,东大门设计广场(DDP)동대문디자인플라자(DDP),산업관광지,37.5669,127.0094
중간체,国立现代美术馆(首尔馆)국립현대미술관(서울관),문화시설,37.5791,126.9806
중간체,三清洞路(삼청동길),체험관광지,37.5834,126.9825
중간체,峨嵯山(아차산),자연관광지,37.5583,127.1018
중간체,Blue Square블루스퀘어,문화시설,37.5367,127.0003
중간체,首尔路 7017 <br >서울로 7017,휴양관광지,37.5562,126.9705
중간체,明洞(명동),산업관광지,37.5609,126.9861
중간체,宗庙[联合国教科文组织世界文化遗产](종묘 [유네스코 세계문화유산]),역사관광지,37.5747,126.9938
중간체,奥林匹克公园(올림픽공원),휴양관광지,37.5207,127.1227
중간체,Starfield图书馆별마당도서관,문화시설,37.5099,127.059
중간체,国立中央博物馆(국립중앙박물관),문화시설,37.524,126.9799
중간체,庆熙宫(경희궁),역사관광지,37.5714,126.9681
중간체,骆山公园(낙산공원),휴양관광지,37.5807,127.0073
중간체,首尔儿童大公园(서울어린이대공원),휴양관광지,37.5492,127.0815
중간체,忠武公李舜臣铜像(충무공 이순신 동상),건축/조형물,37.5712,126.9767
중간체,冠岳山(관악산),자연관광지,37.4452,126.9638
중간체,仁寺洞(인사동),체험관광지,37.5728,126.9845
중간체,西村(서촌마을),체험관광지,37.5797,126.9701
중간체,南山公园(首尔) 남산공원(서울),휴양관광지,37.5552,126.9822
중간체,江南(강남),산업관광지,37.4979,127.0276
중간체,三星美术馆Leeum(삼성미술관 리움),문화시설,37.5381,126.9996
중간체,艺术殿堂예술의전당,문화시설,37.4787,127.0118
중간체,曹溪寺(首尔)조계사(서울),역사관광지,37.5739,126.9836
중간체,大学路(대학로),체험관광지,37.5826,127.0018
중간체,乐天世界塔与乐天世界购物中心롯데월드타워&롯데월드몰,건축/조형물,37.5125,127.1026
중간체,昌德宫仁政门(창덕궁 인정문),역사관광지,37.5781,126.9922
중간체,东大门设计广场(DDP)<br />동대문디자인플라자(DDP),산업관광지,37.5669,127.0094
중간체,安重根义士纪念馆(안중근의사기념관),문화시설,37.556,126.9785
중간체,CHARLOTTE 剧场(샤롯데씨어터),문화시설,37.5106,127.1021
중간체,德寿宫石墙街(덕수궁 돌담길),체험관광지,37.5651,126.9744
중간체,乐善斋낙선재,역사관광지,37.5794,126.9946
중간체,Coex Artium(코엑스아티움),문화시설,37.5126,127.0588
중간체,东大门历史文化公园(동대문역사문화공원),휴양관광지,37.5658,127.0093
중간체,63大厦(63스퀘어),건축/조형물,37.5195,126.9403
중간체,韩国历史博物馆(대한민국역사박물관),문화시설,37.5738,126.9769
중간체,COEX水族馆(코엑스 아쿠아리움),자연관광지,37.5118,127.0594
중간체,西首尔湖水公园(서서울호수공원),휴양관광지,37.5239,126.8378
중간체,首尔市立美术馆서울시립미술관,문화시설,37.5656,126.9734
중간체,鹰峰山(首尔)응봉산(서울),자연관광지,37.549,127.0326
중간체,西海金光列车（서해금빛열차）,체험관광지,37.5298,126.9645
중간체,和平列车DMZ-train평화열차 DMZ 트레인,체험관광지,37.555,126.9721
중간체,手办博物馆W(피규어뮤지엄W),문화시설,37.526,127.0392
중간체,世宗文化会馆(세종문화회관),문화시설,37.5726,126.9752
중간체,国立国乐院(국립국악원),문화시설,37.4792,127.007
중간체,世界杯公园(월드컵공원),휴양관광지,37.5709,126.8832
중간체,国立韩文博物馆국립한글박물관,문화시설,37.5233,126.9804
중간체,首尔大学奎章阁(서울대학교 규장각),문화시설,37.4594,126.953
중간체,白麟济故居(백인제가옥),역사관광지,37.5828,126.9832
중간체,青瓦台舍廊房청와대 사랑채,문화시설,37.5823,126.972
중간체,国立首尔显忠院(국립서울현충원),역사관광지,37.5023,126.9769
중간체,狎鸥亭罗德奥街압구정 로데오거리,체험관광지,37.5273,127.0403
중간체,首尔历史博物馆(서울역사박물관),문화시설,37.5705,126.9701
중간체,韩国综合贸易中心(COEX)한국종합무역센터(코엑스),문화시설,37.5119,127.0592
중간체,首尔贞陵(神德王后)[联合国教科文组织世界文化遗产]서울 정릉(신덕왕후) [유네스코 세계문화유산],역사관광지,37.6027,127.0075
중간체,首尔泰陵(文定王后)与康陵(仁顺王后)[联合国教科文组织世界文化遗产]서울 태릉과 강릉 [유네스코 세계문화유산],역사관광지,37.6253,127.0963
중간체,汝矣岛河口生态公园(여의도샛강생태공원),자연관광지,37.5222,126.9328
중간체,汉阳都城博物馆(한양도성박물관),문화시설,37.5711,127.009
중간체,首尔孝昌公园(서울 효창공원）,휴양관광지,37.5459,126.9616
중간체,忠武艺术中心(충무아트홀),문화시설,37.5647,127.0153
중간체,波拉美安全体验馆(보라매안전체험관),체험관광지,37.4913,126.9205
중간체,足球主题博物馆풋볼 팬타지움,문화시설,37.5683,126.8972
중간체,水落山(수락산),자연관광지,37.6749,127.0853
중간체,道峰山도봉산,자연관광지,37.7011,127.0163
중간체,花郎台铁路公园화랑대 철도공원,휴양관광지,37.6202,127.0898
중간체,世宗大学博物馆(세종대학교박물관),문화시설,37.551,127.0736
중간체,首尔综合运动场(蚕室综合运动场)서울종합운동장(잠실종합운동장),육상 레포츠,37.515,127.0731
중간체,汉江游览船(한강유람선),휴양관광지,37.5249,126.941
중간체,奖忠体育馆(장충체육관),육상 레포츠,37.5592,127.0076
중간체,国立剧院국립극장,문화시설,37.5513,126.9983
중간체,韩国之家(한국의 집),문화시설,37.561,126.9936
중간체,汝矣岛公园여의도공원,휴양관광지,37.5255,126.9248